,cycle,capacity_Ah,soh,ica_peak_voltage_V,ica_peak_magnitude,ica_peak_prominence,ica_area,discharge_time_s,ir_proxy_ohm
0,0,1.8564874208181577,0.9282437104090788,4.166881953370869,2.831724942230418,0.2960108925979186,0.25092327786699,3690.234,0.13516890830864067
1,1,1.846327249719927,0.9231636248599635,3.9924359617866148,5.257769834753332,2.460191980650257,1.3291277002135904,3672.344,0.13109850978291587
2,2,1.8353491942234077,0.9176745971117038,3.991472468025445,5.181278683281798,2.424987150837888,1.3281388832527448,3651.641,0.12940363977122604
3,3,1.8352625275821128,0.9176312637910564,3.9910088482326325,5.140576747645004,2.4453566079253966,1.319986026252611,3631.563,0.12865362561981883
4,4,1.834645508212042,0.917322754106021,3.988433079461906,5.083551663956482,2.391506788543485,1.319084777236593,3629.172,0.12853917668653267
