,cell,n_cycles,init_Ah,min_Ah,init_SOH,eol_cycle,n_bad_charge
0,B0005,168,1.8564874208181577,1.2874525221379407,0.9282437104090788,74,1
1,B0006,168,2.035337591005598,1.15381833159625,1.017668795502799,62,1
2,B0007,168,1.89105229539079,1.4004552399066514,0.945526147695395,93,1
3,B0018,132,1.8550045207910817,1.341051440640485,0.9275022603955408,58,2
